,principal component 1,principal component 2,principal component 3,principal component 4,principal component 5,Label
0,-1.1994621982106062,0.23956147684383405,2.4438162782608455,-0.44686444765602573,-1.0486688657209486,1
1,3.79818162473138,-1.731838667124295,-1.3697305349838638,0.9345148046939997,-1.133140772063928,1
2,0.37127825802587944,0.11689954067187895,-1.2317172611104135,-1.6862747042868844,1.9783505289661194,1
3,0.6041610848732851,-0.36109279623111357,-0.18046605800798937,0.04309537560114375,0.10443307572976394,1
4,2.170272250061828,-0.2845804400388165,0.7419833090542017,-1.806370531063846,-1.1151940556997542,1
5,2.0690245959651636,-2.286787751061921,-1.3630681213361149,-0.0006972921888606917,0.19452339013080033,1
6,0.9815723219031031,-1.1120748982628543,-1.6302300176761286,-0.3342334803622482,2.2831944264627713,1
7,-0.2731299573813267,0.0639192420155708,0.10937863595363471,0.2793079856906499,-0.35691045106890773,1
8,2.4202227160350303,-1.4542359070341635,-1.3739216780198409,1.2628653266892969,-1.4479532179018284,1
9,-1.4858600901306456,2.4822217915648075,1.2838478740849437,-0.01757078665900131,-1.5726519770966647,1
10,2.2538834835912818,-1.904947389937771,0.4226210544976438,-0.022309573977799157,0.758273544085204,1
11,-1.590040903310728,0.25009465951092213,0.2526102032142972,1.705131480582438,0.31579768412384934,1
12,-0.5970822759796863,-1.4454053091416004,-0.7134656851425524,-0.20498719081063044,-1.1956740278221027,1
13,5.133617451377312,-0.7725083124812127,0.31299542934420027,-1.3214763590889238,0.8342707393564546,1
14,-0.8312797722019732,-0.39085352911741594,-2.107664043084578,-1.2321370250234327,1.796765215552611,1
15,0.048539478389507,1.0538292268649239,0.8031752378781503,0.08156598553699383,-1.5745781652025894,1
16,1.0663758979707272,-1.896220101878821,-1.127629893721681,-0.5988322485182818,1.4175890180849855,1
17,1.3151450018971822,-2.329295588564376,-0.9629500756827193,-0.4424905577794874,-1.6905856542672721,1
18,1.0594755317262257,0.13731649156349593,-2.4339189190334443,-0.1172832929396772,-0.7793669780639005,1
19,-3.9133603451560863,0.10757696862803622,-0.9610905007750209,2.4392530427258237,-0.06592166629515625,1
20,-5.671763676901264,-0.5535477451444523,-1.332426789920805,2.009826211662257,0.317273600645683,1
21,-0.9764971238337168,-0.17664983733599263,0.10017294722757132,-1.0314465745274728,-0.3703707861977355,1
22,4.241102390307734,0.5658706553936976,0.8360843652345683,-1.0870177649442407,0.8880205733969072,1
23,0.05868183869941952,-1.4700828187146906,-0.8406748694524062,-0.5299974391597378,0.06196439677280986,1
24,4.04240448563741,-1.6260461360585383,-1.1662301267236117,-0.151464222611906,-0.4630702577779035,1
25,-1.5689980351597956,1.3158539606078772,0.977387147914828,-1.4513109664429775,1.8141313269034332,1
26,6.246976152984662,1.316184014824228,-1.0650407120455674,4.4421973320607515,-1.856336240373879,1
27,11.599362955944978,3.127200727576038,-1.4903410787189417,5.8554656458801295,-1.253985579089342,1
28,10.67470731393353,3.722127842010657,-2.6209876946489983,4.690261689321843,-2.099445475924589,1
29,6.314458373088749,4.7451500117200345,-3.4100672790096493,0.5123318051499285,0.8204580250286045,1
30,3.190183184185628,5.701753678505452,-5.622199660063201,-0.8766040459597689,1.5690501417885492,1
31,1.5076913908395186,5.560674833843184,-5.245388650298383,-1.0389554445294193,2.1796194545452345,1
32,-0.21682872789535165,2.9749186952750426,-2.8842465851510743,0.6182021389159278,-0.7407316767553606,1
33,-1.899695958167601,-0.28738810333228487,1.054561839985833,1.6861693552531918,-3.1852403691958924,1
34,-0.2649735872026715,0.870998439629484,-3.0636985200868425,1.6288820805223487,0.4382906167689132,1
35,0.8029271661039142,0.26741976786923727,-1.8699812508013243,-0.7207260553007082,3.479883682114483,1
36,-0.9593169744235748,0.5494697312189255,0.27293832078093744,-0.910148757802365,-0.03767322083549641,1
37,1.2454370032275637,-0.756554370166826,-2.2421485467476656,-0.40365626661676973,0.5910303043531852,1
38,2.484840382768517,-2.1520031536348556,0.6050654095325457,-0.9138116223693671,-0.9757834950232046,1
39,1.263274802398764,-0.24351639669649763,-1.675020956831853,-1.007741873462243,2.4045913755317954,1
40,0.22162048695195818,2.86844116119098,0.6403945843594079,1.4762115147693748,-0.7704968408114709,1
41,-0.8862778375053464,2.5348604870126072,0.8681568800370734,-0.5617013965507995,-0.720760927706954,1
42,-1.2761914243785744,-1.547066739349666,2.7353041717743114,0.8117945472468185,-0.21828269508525672,1
43,1.0627479571441945,-1.766955293890029,-1.1485116419090753,0.06494175593238911,-0.7802787675099393,1
44,2.0034843089058563,0.5247037093885379,-0.9681317616190638,1.4337468045449315,-0.6749275030517393,1
45,2.148647038016698,-2.5305913572749077,-0.7343079826961326,-0.22131227801410677,-0.7304675312419017,1
46,1.5469390396945681,-0.5342066309045684,-0.985709482771581,-0.9964554275486335,1.8672056211131391,1
47,0.8991322993488424,0.36526094562115685,-0.31756003079071043,-0.03588767200907862,-0.3592448656297007,1
48,1.648652760763591,-1.7340333304844542,-1.7209310579077752,0.7005485264083574,-0.8178681510535197,1
49,3.7303917436093963,-1.9565540326076927,-1.7917775241632743,1.0995720907673647,-0.6664884186924072,1
50,-3.1856219458554773,1.9470025338256216,2.3676791631127028,0.4427897538123625,-0.41698628379510494,1
51,-1.1752035832620076,-0.9489526459546406,0.9536216579708029,-0.7865287240750519,0.252425358933047,1
52,-4.233933812972548,-0.8696332922397234,-2.5332009132902202,0.9092672065986961,0.5699538776945404,1
53,-6.017481462824944,0.592338859408843,-2.258848511993967,-0.1598194101594903,2.1456553874316038,1
54,-5.042167872712082,2.1263287969069466,-2.0247193119023943,-0.050469929676534804,0.6033650336302183,1
55,-2.993238181770831,2.6104925852770626,-1.034590014478469,0.41134586896166936,-1.5987416807106976,1
56,-0.9762396190522239,1.547495699960551,0.8892867087057156,-0.9484478514561339,0.3957124886188321,1
57,-1.596429701347748,-0.8203170690016178,-1.6573802319299376,1.5678915245152711,1.3800058847362524,1
58,-2.0452751268161915,0.6004388412538408,1.173939604879865,-0.12373864237678749,1.3564308854099074,1
59,-4.9921903256374245,-2.1809387603236807,-0.46289571507398475,-0.7047534974384838,-0.03344185925955869,1
60,1.2583953989345904,0.050492521314114504,-1.6092359599021302,-0.5730309321668237,1.1216598185477658,1
61,-1.680788045909256,1.013718793459779,-1.0001015680910286,0.7175763222332369,0.1383164495688451,1
62,1.8846826507520233,1.7244502958134382,0.9761767457221033,-1.6553402406771482,-0.48697301349442074,1
63,16.60319930322142,0.6025256705812744,9.564987582035108,2.4299377574713357,5.876594197674325,1
64,-3.6501391856641052,7.6125373315282205,-1.305158874949114,2.2967152568160607,-0.22848703014405694,1
65,-1.7602916895141854,-1.2366850846626682,0.2674935270941767,1.2968233345976654,1.3783331907141265,1
66,0.1751728260973373,-4.199696762936805,-0.46683950870021607,1.031310114558711,1.0382815967132422,1
67,3.926006988467348,-1.1349411623997414,-1.2053893708242482,-1.5467271454821339,0.8198117038201822,1
68,-1.9376786015696685,-1.4342498727625248,0.6794534826558315,0.2075558538142467,-0.5422968012941138,1
69,-3.1243960322103526,-1.0885566481859368,0.431250690697246,2.3612679190467154,1.8123116227269365,1
70,-2.0653523578063404,0.1989176064813315,1.005749854483032,0.5462635811614528,-2.1660694529225553,1
71,-0.8357140072687486,1.8089101391945832,0.5059010880503989,-1.9806982510062554,-1.6799569044644902,1
72,-0.8357140072687486,1.8089101391945832,0.5059010880503989,-1.9806982510062554,-1.6799569044644902,1
73,-2.9238981395628585,-2.4506618511700236,2.969900089115532,4.954598965164116,2.315472210124027,1
74,2.4517377557239985,-4.697614448836087,1.0051000589487167,2.1391658968967286,-0.7367075811081271,1
75,-0.4337293399041308,-0.20240529635166263,-0.4001924612210612,-0.7204947531949828,0.8712439319699514,1
76,2.9077203471023925,-0.10879298292062214,2.1250980827994193,-1.4757755004595587,0.4618592461694845,1
77,-2.76942006760893,-0.41670349837804277,3.23999531166585,1.3072926000010041,1.1868134431876163,1
78,-1.6741217704785833,1.8720495921441733,2.6895783036665173,-0.19895766183782562,0.466373049821441,1
79,-4.49681551416735,0.5731892740140133,3.376911049743399,1.0962660607196635,1.1099407441430857,1
80,-3.3122570498398374,-0.84655650203047,0.5533963853075825,-0.2392913030176185,-0.04558518786308333,1
81,-2.1432331363633472,-0.5482422568051764,0.09170861532111996,0.7762340484436865,-0.42795922149329013,1
82,-1.7232340113321731,1.6558810428686088,1.9616754352726062,-0.40108103349306307,0.48161915318707604,1
83,-1.1851470885238717,2.1885845356142823,1.1278582677204416,1.1166001514106534,0.03071763872055875,1
84,-2.429172668971567,1.3289601376498053,0.9585905170307606,0.46712353536787693,0.10986379280393803,1
85,-1.3920268072410757,0.06839394161937846,1.1429029461099967,-1.7161232873903762,0.36031864116883594,1
86,-0.42190208042936883,-0.5555436011567334,3.323948400211227,0.26471371279615347,0.10555398775811999,1
87,2.026824927991761,2.305624076586371,-0.3813052913987227,-1.8179667771683312,1.9974648603201466,1
88,1.4769838164295641,-1.6842968647774799,1.8919370371635886,-0.9191013336745069,-0.43791072899579025,1
89,-0.539814128462156,0.6445785912810963,-1.1161903871191634,-0.3471906631808781,-1.3107580636125613,1
90,-1.0557214902587135,1.686861324731316,0.33725050512896987,0.6427322645123769,-0.8561656967395436,1
91,1.3169475514320745,0.2237310450183485,0.6360061282396097,-0.033042878593055075,-1.478275181594015,1
92,1.3169475514320745,0.2237310450183485,0.6360061282396097,-0.033042878593055075,-1.478275181594015,1
93,-0.46203474488286067,0.45350897264900114,0.49127940032254697,-0.29110217666126714,0.12063267996420039,1
94,-0.7806941463052601,-0.05693659312488141,-2.5126773829015847,0.3648248241160421,0.6122471041430891,1
95,-1.0637641670014037,-0.37777185639694666,1.8056020541012339,0.6781798150325445,0.29498725290601374,1
96,-0.23244888654133095,2.737285619180197,-0.019404485300170252,0.6761567701744564,2.402335978859089,1
97,0.12189758742662998,3.805933527516959,1.4635664187583417,0.6976538509459711,-0.6871285159354459,1
98,-0.0501358124809702,-0.03708693585785992,1.7606420161854897,1.2861821206324435,-2.681360556289298,1
99,-2.220888570671889,-0.8410847697975489,3.3133054217099662,-0.6951506471918201,1.5813981908165327,1
100,0.5575799586604899,1.1322626300351941,-0.004945889490398034,0.45369730665855496,0.9581064083914621,1
101,-0.47897614290612045,0.22179165222242356,0.4315888777616215,0.2358221625533231,-0.9759923795278783,1
102,-4.488309564813799,1.4229919095072658,2.1947654626599746,1.8330874501758256,1.3119239407474863,1
103,1.0732087531691559,0.9977283288900516,-0.5904177937779266,0.2421212293973739,0.2363818835224291,1
104,-2.189981471782392,0.5664075687728355,0.016018690070006603,-0.49304739747831317,-1.2204473549029022,1
105,-0.905684329957013,0.834831742373801,0.21253533387343443,-0.7082997343992185,-0.4119651328525954,1
106,1.0424855587338733,-1.375515752890966,1.8942821761761688,-0.5760470034626496,0.46292006821060916,1
107,1.6089984505674177,2.446133024948637,-0.752580469936475,-0.1640311795216897,0.5853112255051204,1
108,1.2143056285313225,-1.7718717300042837,0.7695530211374397,-2.3566872112678694,-0.7438459112271208,1
109,1.1388722693342659,2.273926352102104,-0.4860193163505769,-0.31694764015800875,1.2714679171925982,1
110,3.691388434480129,2.1631677451132703,0.33369262558844287,-1.3259062816681857,1.6279638188502754,1
111,0.0362303917056801,0.9227796724257253,0.6294986048873561,-0.5652359814697258,0.2777217226409708,1
112,-1.6072241162337002,0.6297113956363729,0.8287929977989282,0.3050543525622056,-0.4057995786729123,1
113,1.3782821665888878,0.635227862415949,0.19454328264105383,-1.0009736151064714,-0.9674191293151236,1
114,0.06666154215347408,0.025099471451113912,-0.6583068537749438,-0.10810989106675191,0.06638845149064222,1
115,0.7829913445935875,1.080507217850617,1.998016915527965,-0.9867991024297355,0.6698581441503897,1
116,0.7829913445935875,1.080507217850617,1.998016915527965,-0.9867991024297355,0.6698581441503897,1
117,-0.5317267404761471,1.8335191615652422,-0.47966349716205203,0.9188542061143341,-0.05336809476181801,1
118,-0.5864577037442773,1.5597410059780819,-0.549069669776432,-0.1112808360075347,1.099124215574734,1
119,3.6588790053737776,-1.594034432939278,0.34224160610922977,0.5816825105344586,-0.4826974549221618,1
120,0.5161575505589389,0.0956759932813466,-0.020825791875245966,1.4329825711599693,-0.0738623967166571,1
121,0.24812454047348692,0.4343319447420972,0.19226127985533242,-0.44393024678181087,0.17610767812542277,1
122,-0.8653638420406238,-0.01080166116973544,1.5112937178229986,0.1811701153228067,0.8131676330569522,1
123,-1.5731212416097973,1.2239210495532231,-0.6412025488371961,1.5685687479318948,-0.35853052195551205,1
124,0.4028469122020816,-2.2574643867573743,-2.2140320558619457,-0.8873782958675834,1.8845937120999963,1
125,-2.693590868047847,1.372217863012638,0.23792526660275048,-0.4232796486267995,-0.9370219017222338,1
126,-0.6289233444797779,-1.3069925831374947,-0.44676655399644716,2.8164323917876435,-1.3422032942163442,1
127,-1.509789672388968,1.2978360535004658,-0.2327970192752963,-0.46165482719759116,-1.4610844548130042,1
128,-3.142546376816245,0.9226193205022585,0.637734902675221,2.0810613069156996,0.6118328422993654,1
129,0.3597199803460275,0.7394979873736195,0.5755959913128976,-0.5810314466846784,-0.17809666151524367,1
130,-1.765388977052883,-0.43033856944265214,1.6116613228003358,-0.21853229950989136,0.11670088364873121,1
131,0.41034550307340606,1.762163263555935,-2.503825857283977,-0.7887201489589301,-1.5415059189065086,1
132,1.8629371332617495,0.4737420355895396,-1.0502939576941888,-1.2575529463159687,0.6506943536560581,1
133,-1.0544562361071907,2.444311325062513,-1.0177732628673437,-0.23999417730439118,0.27002388887350903,1
134,0.701914976213007,0.49545604149767103,-2.1668148382897794,-0.283433256604091,0.35572054327147024,1
135,0.71398793319905,0.10768726938128646,0.411220836131496,-1.326834040547848,-0.8823591499988501,1
136,-3.298366699121298,1.6962079223103925,0.20974294204251245,1.3347759126060823,-0.39260070614110515,1
137,0.629315119388476,1.478961642760687,0.8992341185748585,1.1951166943182023,-0.6597663740769343,1
138,-2.1633534103826126,1.690749132973882,2.0371197349981793,0.8057458425966119,0.835938843768294,1
139,0.0771593453609581,2.6653364742393975,2.6060806728238726,0.5459566427032021,2.9711505459042997,1
140,-0.13875545825034308,0.3380824770028061,2.1269654099999578,0.5215623332193623,1.4125521949131787,1
141,-0.8996468299421886,-1.1320466886443907,0.610204330000396,0.8152105001678122,-0.5575871384781113,1
142,-1.0987714480156954,1.090703214638459,-0.5041073993506789,-0.7005114358072386,0.4901617276835943,1
143,0.29844128095329603,-0.4193628501425784,1.2902061964014337,-0.9967173798292026,0.46834677302764505,1
144,-3.6229624582734474,0.6534736833939718,-1.0476572706695697,1.2197238885322945,0.5394103246764513,1
145,0.6796068581789088,1.9151944788293644,2.1228526011083755,0.006989891256565279,-0.09494229483355433,1
146,-0.583757386501435,-0.06829914644334475,-0.9695258808078279,-0.47265823309134486,-0.34274494542370726,1
147,-0.26267718583847977,-1.5571545389425692,0.3843493275005767,0.9207095259181043,-0.42340430455850686,1
148,-3.0306846765017346,-0.0759049150449913,0.5387567651122865,0.858020473327317,0.34614014075890354,1
149,-1.3653873089608937,-0.060849188120204185,1.4934695770082145,-0.8183449125859285,0.5470751004269961,1
150,1.9581108844301132,-0.7787741132881403,-1.097693436885899,0.41991745857061996,-0.92952747476933,1
151,0.5208837852798623,0.12829167850533113,-0.01250893130906366,-0.5993924002335618,-1.0700958379712073,1
152,-1.3132260857312943,0.17200360461081304,-0.0547011698737022,1.2065733314312688,0.5183729373024989,1
153,1.5320467273380631,-1.4327476553376777,1.3057357213561223,-1.8577556990514656,-1.1767351769210923,1
154,-0.9221875670988737,-0.09965376360364127,0.3548631428932766,0.29723923892743964,1.5677124901152946,1
155,-0.22231550686805548,-0.33506511312055626,0.5291220327173488,-0.08014047138944862,1.379566442777768,1
156,5.749515232468883,-0.8972900356730337,2.94479903628736,0.9037722499086707,-1.7095390965946613,1
157,2.202599884352823,-2.935049525404554,-0.41335740211672006,-0.7102737431171438,-1.0890295201722406,1
158,-1.1057624679188114,1.596796318268316,-0.09162207396131909,-2.1049116748946157,-0.40679189890746004,1
159,-1.1057624679188114,1.596796318268316,-0.09162207396131909,-2.1049116748946157,-0.40679189890746004,1
160,-1.285157631172663,1.7097232516374474,0.19387967138816742,-1.7059350241022986,-0.24170853736664477,1
161,-1.27371038606801,1.0316586495460578,1.350797498550789,0.2437221772465506,-0.9718136657637875,1
162,-0.8580177753655969,0.6773050312920535,1.1223355821562355,0.349264031329576,-1.019649626859957,1
163,3.156085424190714,-1.5183507021180664,-1.0074691727505503,-0.8263627040226245,0.4516118323092878,1
164,0.4650651694233571,-1.2302446726545535,-3.1985515397801483,0.49479800013957403,0.5088029811794423,1
165,-1.140886117961987,2.0987506518301386,1.2871537383492462,-0.6921906379904045,-0.9767535982843248,1
166,-0.6418789288095521,-2.2978088226243583,0.6376163241730496,2.67316518198062,-0.638664884820812,1
167,0.24935201043051497,-2.6655112397847223,0.08365254252562995,1.9467512297838039,-1.058871737030635,1
168,1.8106793657793352,-2.339751287807741,-1.2808124359498358,0.35440034750182536,-0.8209690287984813,1
169,0.20833264885880237,-1.605839533275163,-0.7766013486077871,-0.3849009487764753,0.7900645025141029,1
170,-0.6360709425060673,-0.7067599672795642,-1.9947927384040265,-0.07644669866562426,1.7569131067606278,1
171,-0.38431059926099975,-0.8426891509304609,-0.6480194472120432,-1.0154792163479451,-0.8557652153270928,1
172,0.40958297500628676,-1.5243880364407238,1.902806945844366,1.7139989354162701,0.7887361820714528,1
173,0.1227061318116169,-2.052776329470539,0.8293791629765325,0.9545414698526683,0.70281192112252,1
174,0.8777095873522269,-2.683566896034005,-0.9819526573659608,0.5510728749801361,-1.4259346637917192,1
175,1.7216111792784905,-2.4943915199772304,-1.510743900864274,0.5962549679082639,-1.0819201882569967,1
176,2.526687962339466,-1.1044384785533863,0.8463348920513478,-0.6429299553074789,-0.4774643767850708,1
177,-0.7798496978776719,-1.865375258450981,-0.9263623325658028,-0.9211280956228639,-1.1300148665499183,1
178,-1.2368810985191276,0.8350122619779052,0.12734436737416277,-0.17636832420127718,-0.6631065329844043,1
179,-0.19542755460804112,-0.8775399627917079,0.8238620196087678,0.6069188735019025,0.6376918583495249,1
180,-0.06766083432073497,-1.015760374220775,0.7013368174029274,0.8851483277854215,0.680496905387218,1
181,-1.246176473193386,-2.965547702759734,0.4065784103039719,-0.4786631101119847,-1.3031569920382393,1
182,-2.5044211971189836,-1.908220346304981,2.330407737528605,0.1202213140829452,-0.2899314138815417,1
183,2.2234694780591515,-1.5214034723227272,-0.32889616092261026,-1.1429924634601418,-0.39062657642523585,1
184,1.4076984865706532,-1.9081592983041344,0.43988663676136036,-1.3721288960839908,0.2246451795624246,1
185,1.2185495179495862,-1.164138588000426,-0.5937026049104918,-2.3420943397570873,1.1393360180757728,1
186,0.9461471320397491,3.304197535011484,0.5997268773041415,-1.1963441122983824,1.2535633005633549,1
187,-2.6069540294162983,-0.10126399532714264,2.414450992155823,0.29237180789509004,0.3023631625795255,1
188,1.1627481403449762,-1.8635695741679577,0.39462325516262986,-1.2233669603128958,1.5368246393946434,1
189,-0.9891132167517442,-2.450764057900712,-1.1064452975461239,-0.33032816811118093,-0.02274884925660539,1
190,-3.770631621742704,0.649501404240182,2.788588777720727,1.1530481501620413,1.4853945793188321,1
191,-0.586832085072384,-0.7450540238663398,2.7325860610754615,0.5512088526729032,-0.8204734766763822,1
192,2.485546491769185,-1.3559773077034623,0.4226808134824648,-2.067588296544351,-0.9753716275241618,1
193,-2.9626248462189637,0.34160226359139917,-2.1214009729086682,1.5456754780615243,-0.48358072138187724,1
194,-1.9564345137124584,0.8791834303403193,-0.9628497144398225,0.28613360704927676,-1.0584159052979962,1
195,0.7386657067504312,1.4972514078037293,0.7584996697606367,0.3703657902024491,-1.1714408566470398,1
196,-2.579726348589345,0.32855469094349354,0.6653135317853718,-0.6239706092024188,-0.49218646283140827,1
197,0.7669058860919847,-1.2539502590774572,-2.321963357504242,-1.2061249228591764,-0.9725211595691932,1
198,0.43858833695323446,-1.9121868138218665,0.895277597751606,-1.8262210555471876,-1.5613542626428665,1
199,1.117970173019585,1.782069533413067,2.7397753923213055,-1.1253399406008886,1.5192279719490924,1
200,-0.11588774796421025,-0.6357950449213682,-0.256776283506026,-0.9463269912540844,0.6951628235087708,1
201,1.7404773679907528,0.2355075026874074,-1.3939005043017025,-1.7919838913422033,1.8827304739309922,1
202,0.5417222569276627,-1.4529371288844137,0.0020274518554367895,0.6591764339737102,-1.5549359954741668,1
203,0.573638038437558,1.8757478152122211,0.6759777004208404,-1.6967525071882912,-0.4379706056601601,1
204,-1.866862438118129,1.1777956396689975,0.7432223750459553,-1.3225913457028384,-1.2994671963690314,1
205,3.3284772697677845,-1.090464273438187,-0.4922069589558561,0.37470216625824526,-0.15856228669803446,1
206,-0.2978142398611114,0.3552279923677335,0.27286861648664895,-1.1211663078957999,-1.3565669716153463,1
207,-2.564190049787705,0.4304757497406059,-1.0330498722228898,-0.8369289679128677,-0.09003250950827565,1
208,-0.040537970065009955,0.3404049286409499,0.46466298153598085,0.15078979467742665,0.2227285277291969,1
209,-3.023141438498359,-2.4533141026983527,-0.7135966076224836,-0.46807396629191117,0.7479560324540819,1
210,-1.2236473432627644,0.7290295058302705,1.2365558567570312,0.3832924397383428,-0.4619081262960248,1
211,0.872645234111564,-1.6511509601199927,-0.7689817477856477,0.039216633765519794,-0.7816561296270393,1
212,-2.294936002837038,0.49578463970911935,1.1642148658746072,-1.1083480062876316,-0.5845836113349977,1
213,-1.9438765697147498,-1.3694355058187757,0.1807763940012555,2.410848160043391,0.14537202652003772,1
214,-1.9359065276012637,-1.3600857887747966,-3.794298261910222,0.3772792176340036,0.06428813538977449,1
215,1.0682576459757898,0.44631498049648644,-2.189675281749482,1.151871184960922,0.7995676524872773,1
216,-0.9077220870353829,1.5949971966114087,-1.4836813103563502,-1.3450205126915682,-0.19776754004210545,1
217,0.13920219613532173,0.265355393016409,1.1839755829211571,0.5155807934282972,-1.4752346022058833,1
218,-1.5439563733115822,1.9831264075470156,0.2974638143521881,-0.07636897678499606,1.5859045567217176,1
219,-4.0152601965004395,-2.897038692459015,-2.946516662597488,2.6559817088786537,3.043060612693989,1
220,-2.833442679864459,-3.9574282918386143,-4.514094121164761,3.6127763123327363,3.5558001748188635,1
221,-2.5293942398906313,-0.08206666398774326,0.5412636326839854,0.2215711257806541,-0.9488852484680721,1
222,-1.9021717784237628,-1.261131918884589,-0.7415575625276478,-0.4016495953788901,0.9270886814440302,1
223,1.8239253492485925,-0.363657626465321,-1.4348659126489565,0.06364767960962045,-0.19974991735497294,1
224,-1.3824441831250411,-1.3993994690597327,-0.5212908569037441,0.36937556288524737,-3.0602523819696406,1
225,1.4846958508916843,0.44350351601987775,-1.3435595299685938,-0.8856829595808576,-0.49647140481543167,1
226,-1.3201614691674128,-3.9244979938714377,-0.8781843539188253,-1.4293481562777508,-0.24469309995319383,1
227,1.3036120855920534,-1.4056341249496231,-2.5476531499133253,-1.5897585895902078,1.5755914289773971,1
228,0.3405000466861078,0.8453301923789193,-1.6753476869489914,-2.530285220520868,-0.8683117330539933,1
229,-1.5748588811348607,-3.2870669691071255,-0.209337954450005,1.1201017449492325,-1.2979954305574535,1
230,2.1456940541809892,0.6920769056580175,-0.7998527503849749,-0.29943766478840766,-2.797932667595486,1
231,-0.35606899680805965,0.5314144289028925,-0.05855629538513663,0.7221347049732497,-1.0862818342324645,1
232,0.7201696346604812,-2.6151310428507717,-1.6576758028400085,-0.9623255555273041,2.5757557453753677,1
233,1.9858588338607694,-1.380919171662348,-0.3236374070615779,-0.48903227350911843,-0.8257153348227063,1
234,0.9622065117927454,0.13210342719632806,1.6415700912983417,-0.7007568509603346,-0.823184611365323,1
235,-0.8594054610501904,0.9104647875359385,0.8213437372944431,-0.29142292558273714,-0.8500816090208003,1
236,-0.7724670582077817,-0.5422072701724611,-0.1325235412123357,-0.6478991616458316,-0.3802831939087364,1
237,-0.6171378653384966,-0.5330342029537162,0.4608129976627574,-0.6254153460848093,-0.1800420549395163,1
238,1.6020400152050318,-1.3896297836979665,-0.12950772908916144,-1.3922779882041776,0.6823016928944378,1
239,-0.6193154834446156,-0.9375600912095807,-0.6663943105346752,-3.261500193868546,-0.5603400593104436,1
240,-2.21400441227532,-1.3841276109530283,2.119654098645694,0.11781668922972598,0.32479407721753645,1
241,3.497856832220921,-1.6907329690293522,1.7651378352416667,-2.053211327012122,0.03984689737957794,1
242,0.32730521361576503,0.3695814949446848,-0.3111504111849096,-0.5031807622647894,-0.6694457422246916,1
243,1.1439777807433524,2.2337488696469516,-1.897519952078381,1.3452216457725736,-1.9472070013320384,1
244,0.08966683382155931,2.3565301985629117,1.42183396401962,-0.6963523480230803,-1.5008300332561415,1
245,1.320103297768245,-1.7544369086388836,-0.9461232751433503,-0.5056001313788894,1.3801113197756327,1
246,2.0269569203519135,0.10332998562751926,1.7123835685417026,-2.162582353379371,-1.719531498487578,1
0,-1.3519769931463523,-0.594339189753094,-0.38660453160017116,0.41166415829662023,-0.19519869620678768,0
1,-0.5145450350745149,-0.4009855171544933,0.37400750310700337,-0.28196101708309246,0.11409812115857484,0
2,2.857423942599828,0.4771836829124529,-0.2798274014402999,-0.4321451206257724,-1.5116574805662784,0
3,1.3124631361566677,1.1793938269226354,0.08835672742646489,-1.0372283917499012,-0.8548528937725083,0
4,8.603561419625844,0.3269462922315145,1.07151071460705,4.204669157017225,-1.148639194906736,0
5,1.313428049724464,0.5707820510799764,-1.0787882322385427,1.0067947113526312,-1.8278444027498988,0
6,1.296618656478074,1.041779455169966,0.13684369609712735,0.4304189913968177,-0.4711535655473488,0
7,1.0377847588695803,-0.1921270583336743,0.3044128645736759,-0.007659910475131074,-1.3090018279283164,0
8,-3.5797730446191145,-0.02303987229513459,-1.0799953750054458,-0.9801609941569858,0.3830950111891105,0
9,1.3711337953439262,0.9257544944168574,0.959620658425841,-1.1512055881568621,-0.5472726449362237,0
10,0.27188700428507356,-2.3890363252375466,0.4344412552109962,0.21402676299684076,-0.9669760383867336,0
11,0.23017069491945663,-1.0245145282960264,0.2669542180271338,1.1358642111218409,-0.4783534254842828,0
12,-2.5677264905269865,0.2351379692073468,-1.488237762988059,-0.7949950913993578,-0.15855979519376592,0
13,-2.078973524363215,0.2940480596078694,-0.7612244836205102,1.2104967849493031,-0.8354620959285171,0
14,1.1956164336368031,1.1680100850681958,0.6761629342237748,-0.3848221159881693,-0.40264002868848225,0
15,-3.7738301665720497,-0.6589725387206988,1.1697225839410756,0.3825734379433247,1.6619464950340346,0
16,-0.3443954258309204,-1.3296734073521634,0.5001785962315163,1.4503389517433212,-0.6630375476025957,0
17,2.4517562881842303,0.9021829380966999,0.5267007992523295,-0.8855202220391295,0.0958813254935894,0
18,-0.09989303165526278,0.4319708293114043,-0.02294157596061729,-0.4927813018024762,0.09701637827270719,0
19,4.256311366946032,1.5293687626111239,-0.5423804807446635,-2.515293255016933,1.2693142224398668,0
20,-0.9535907551121915,-0.5541744568988998,-0.8736077916282516,-1.1860971040167496,-0.6607696103577748,0
21,2.2970491680287384,0.9116388503034903,0.3994897793461508,-1.0228891107995393,-0.254230631285169,0
22,-0.2977722672157602,-1.6422020723437754,0.7151318784632609,0.12823398503104683,-0.30105307978520973,0
23,0.3952503142713643,0.9493533081008454,-0.5555177310418261,-0.9845243093524496,-0.9433133740640363,0
24,-0.6621254637162596,-1.2328567556176262,-3.152865229663736,2.179136099344857,-1.5059318384687421,0
25,-4.022474241470223,-1.9794049811298637,-0.23048699823382093,1.6435925694315254,1.1697110615968553,0
26,0.428857931603333,-0.40035390230499424,-0.5064433931649758,0.533414711529812,-0.8845642639442987,0
27,1.6811074906239034,1.5725446046171914,0.36606942676726845,-1.2863459101114898,1.2211946786628436,0
28,0.059549112814047206,0.047766790757376734,-0.5463410392898961,0.6257732089595609,-0.934797656343923,0
29,-2.2973107653579854,0.02834134610063587,0.8566783437405368,-0.8292716601512259,1.2038544800750652,0
30,0.07681907212740113,-2.106418699999912,1.3181290831201196,-0.20322101206369234,1.4014903787463202,0
31,-0.5918269326521962,-1.235397591225717,-1.270250763299276,0.06132068623492762,1.112685343693768,0
32,-2.4660293409019776,-0.3640641087518931,-0.7110679682017662,0.03846547150909035,-0.047091520600109626,0
33,3.538515965000633,-0.30914387297533297,2.375765199412217,-0.08083035798685488,0.07736625300357364,0
34,-0.6116036445491744,0.9041729123591407,0.00680565382137775,0.011221226326677018,-0.6877464283707917,0
35,-1.230009007293418,0.34038491129256865,0.45891169088520667,0.387556084092455,-0.08487092713222932,0
36,-0.9113825490211163,-0.3663416186452729,0.03422454225302281,0.13076780599038418,-0.28626301728413217,0
37,0.0023257099735749585,-0.2519288893166718,-0.25655550874977817,0.24602920866805575,-1.3350606584545606,0
38,2.164384550717287,0.6328825673820659,-0.14911087441108373,0.3885411343549435,-0.2556454446174144,0
39,-1.7000449657650765,-2.086862774547517,-0.03658163140034545,1.9743109290790926,3.256803229144326,0
40,1.9034350980847716,-0.06645277595839269,1.2022184706923527,-0.7268682145349293,-0.14862345638639252,0
41,-2.0934433564365538,-0.6832453971331413,-0.4583502463702914,0.19010434289364783,0.7800377730251457,0
42,0.4728999838249468,0.5380492821824595,-1.004029862208195,0.5225466831224265,-1.3782310587411843,0
43,-1.3836507897761974,-0.35303382164247366,0.4506504082209266,-0.9536422089474194,0.4769272228403805,0
44,0.43869129640419413,-2.0415467192263197,-0.5041980704454855,-0.613169109165392,-1.0858964314365593,0
45,1.3563792693212275,0.382940206284838,0.4463539141823102,0.7800295821150736,-0.542332875863627,0
46,0.9149113762808954,-0.3205472378919494,-0.041628896534866,0.06406728998724678,0.8795972527031203,0
47,0.6202488406703187,2.5969701823319316,0.08437885274144051,-1.67826822130888,-1.0035068365041564,0
48,0.007045814998230277,-0.9108823263080602,-1.9725235946178443,-0.3557923242034225,0.0035619563369380146,0
49,-1.2634433836239771,-1.2911214694648498,-0.19275650664490795,0.5511040595087736,0.6288175176309271,0
50,0.44468275967898724,2.365554985124392,0.5263813751034269,-0.9293857532198635,-0.5754026869193203,0
51,-1.5608145639104896,2.1619384961524495,0.9592032769689133,0.7270290638463207,0.6930272204037232,0
52,-0.8030580426756841,-0.07193221879161309,0.3133505644599827,0.3584373347760799,-0.3523307383936552,0
53,1.5647810272392595,-0.6698802715892647,1.3825787343805571,-1.1125365606402657,1.7845211401400045,0
54,-1.1297967501697945,-0.5633644601673012,-1.0568487162691351,-0.8197329065640211,-0.26002769082242494,0
55,-1.3612042897712326,-0.37412368401486634,0.9559122547135022,-0.9544262706989664,0.41837619801666154,0
56,0.15232657055845886,0.5987340238048041,-1.006473041904298,-0.052865557820577995,-0.9933290393125415,0
57,-1.4309202491146913,1.3741699350063428,-0.407951148682626,0.4048428506342348,1.1284120669161655,0
58,-1.1260973537786843,-1.1772180587258816,-0.3034134039688928,-0.38823594212997015,0.9080705354930576,0
59,0.6464296821904123,0.1282177906346182,-0.6371398809901048,0.5556335631113011,0.3063977738530035,0
60,0.21352460836602552,-0.8731777864092088,0.47249800161077066,-1.0504595998785322,-0.35743629329835347,0
61,0.16621127131933114,-0.958381475766894,0.06393146384142266,1.3413218953326398,-0.9659170879232345,0
62,-0.8594390119062114,1.5176270648951793,0.519711386852273,-0.5897070950730093,0.5402814593937925,0
63,-1.3636814350192328,-0.9789244634453325,-1.020822851767563,0.33047591281536226,1.0875997157178041,0
64,-1.0169313691611153,-0.7944755325732227,0.47167806514771665,0.10257582157786452,-0.5728882514619489,0
65,-0.23287049949918856,-0.022534090226892334,1.6394536550052126,0.04108936312445141,-0.9062614016054379,0
66,-1.8550592828806072,-0.5562160616332195,-1.9208378339490353,0.4508333225556717,0.24390268561198367,0
67,-1.3779116861330147,-0.5829676696791916,0.27036063964379814,0.36664039849143887,-0.3668082645630592,0
68,-0.02891852788260404,-0.8993676922497875,-1.8449037084566673,2.0147226703742422,-1.6879229958974173,0
69,-0.7624806173159459,-0.564319794520322,-0.05024985864293534,-1.463897031377305,-0.02400732839330706,0
70,0.1484711226812609,-0.9905992845145738,2.018486371959924,1.899717074233581,0.9837839454736883,0
71,5.4364372624885595,-3.369163895776901,-5.301829274684935,1.6846703055212822,1.733931605759857,0
72,-0.5638763962691017,-0.9549674236960811,-0.24255687843548085,1.594944972293721,-0.08961077415307374,0
73,-0.13436391721120233,0.6118303664895708,-0.5020775801828242,-0.18595314830146525,-0.9137469520783567,0
74,-0.22805409703687982,-0.22342916728938925,-0.22749325654672795,-0.5968452911202976,-0.5039978273739545,0
75,8.474878848874445,2.0330052261099674,2.8935182637995154,1.2163305976413137,1.1537935690390917,0
76,-1.3753657066330198,0.44977993122437643,0.1881752680437422,0.4535347456655259,0.27750514226914713,0
77,1.108966604875571,2.132670403412934,1.9101720990153974,-0.5888183995077491,0.169209552475468,0
78,2.6732520011716914,0.98733828482854,0.353610034697079,-0.722611146616123,-0.5643850479355457,0
79,-0.24591095714571404,-0.24111480067798333,0.7539572569481446,-1.0151798624311772,0.44612713848711105,0
80,2.3374397912315357,-1.259405214112898,1.4717542529087275,1.0360702842035467,0.6141177045415926,0
81,0.16778654202516996,-0.3353152401847259,0.47463098856663255,-0.5666870622633928,-0.13496597388781664,0
82,-3.243142178670297,-1.0608134861191711,-0.12199982145351589,-0.4874023163975663,-0.9811546046285691,0
83,-2.2588063721360503,-1.0850681053808804,-0.3022715251201647,0.26244355559763544,0.6889657723101817,0
84,0.863547617155095,-1.510554551199649,0.3968362864197936,-0.07065148441602781,-0.5436036476303975,0
85,0.09495391317923692,-0.02358173619267089,-1.446322682419959,0.700747603032109,1.0722329939215025,0
86,1.0460117874731925,0.12253921458651265,-1.4309287795485262,0.2945474146436981,0.745058808710284,0
87,1.636253318232742,0.10866070409855359,0.008087199487928198,-0.9417793722242678,-0.6524438516277455,0
88,0.47219724125941526,1.4144631177870155,0.5647357989405513,-0.44598220229047625,-0.3608550991159368,0
89,0.580078025551138,0.5331696248978575,0.6305166506253188,-0.8425353415394544,-0.33195217753398487,0
90,-2.4675343854498073,-2.4674817954564783,0.4752431776311602,0.9477708590540541,1.316141560596055,0
91,-8.09399307725094,-1.3973879992688734,-10.983765924236588,1.9310940591966774,0.9125081567214127,0
92,-4.998027752949836,3.2607872291421485,-1.7293814398902292,1.2586984081880948,-1.4851237986974763,0
93,-0.46427993789308014,0.013159205746554962,0.2283015074986329,-0.8772331970629103,-0.35179745807927687,0
94,-1.9087937053856157,3.323012999065856,1.0285185128718315,2.963873284945919,0.8110379112322963,0
95,0.38366412179188214,-0.20196733996815716,0.6419942407380009,0.3048686859769812,-1.104486221854509,0
96,0.508015526469679,0.07222482954586087,-0.9582942577556042,0.14626192800775148,-2.033333135888903,0
97,1.3469150444938827,-1.3212113889743575,2.67834190910896,-1.2469534302239909,-0.15637452448867967,0
98,6.387452783050767,7.192070411147201,0.3365699428706792,-0.2070641024119127,3.4464524769042724,0
99,0.40791318543866095,0.5794270800232011,0.5388096004980943,-1.278233244185876,-0.18393740079644885,0
100,0.6060413794979154,-0.8746953573720734,2.1414039239165983,0.17834019561670245,-0.08147718647298292,0
101,0.39334676745317915,0.639600114783294,-0.10494436424048977,-0.9359512546920403,-1.1982365274420999,0
102,-0.8497864053839352,-0.8346826783816171,0.0523318808420724,-0.3337561497587736,-0.9422648636544242,0
103,-2.0060369640708386,-0.36220007333493826,-0.4647193845446496,1.3269692340455148,-0.2811340549850039,0
104,2.932804215306532,0.5322168039532739,1.4286006513409715,0.2749198010847444,-1.2200516003946853,0
105,0.5697111107300206,0.1680507470307702,0.7541248927578564,-1.1184318422425223,0.011959023484906676,0
106,-0.5560411851830203,0.44438024576503776,-0.25906489190061915,-0.7653985195292178,-0.5706253206625646,0
107,-3.2657418549170125,-1.4112783722607851,-0.4208100559607788,0.5494426071596916,-1.2560718783294267,0
108,-3.923059680895619,-2.7600237472875127,0.13778916315116696,1.5717148414704334,-1.3947241421951762,0
109,-0.6592414995879247,0.18565606047363714,-0.024360405020725645,0.8516315376876621,0.09169240845308012,0
110,-0.42367563264174085,1.3118681462067332,-0.8307223475845871,0.11396115471218167,1.6503291062230792,0
111,-1.1121010492059606,1.030156871664158,-0.8618408113960727,-0.7107723554069958,1.034661663577955,0
112,0.41159988165253314,1.4592138181530285,0.6752059517606317,-0.9677950593431874,-0.7313568115091991,0
113,-0.9735213728544103,-0.47666671448641185,-0.012055459665941487,0.7153549549960491,-0.23144700375077223,0
114,0.15402592859372105,-1.1366092541113861,0.7491901582100925,1.053798890179655,0.03647007190163769,0
115,0.5524250594884379,-0.23673811761545444,-0.17260015296855385,0.5649993769632876,-2.242083613602205,0
116,-1.4786253095017539,-0.21854791261190995,0.3254185315017073,-1.179099116087053,-0.4211683612798374,0
117,-0.2070896307610651,-1.4174152231059798,-2.2438298629765123,4.713106820914589,-3.113977816229033,0
118,1.3917128532510017,-1.0109648076349662,2.3498441966982653,-0.695892687170161,0.20990438095243164,0
119,4.706516093002122,-0.6953121529247643,2.2294176928480067,-1.1455058134128004,0.6452187918192169,0
120,0.0015259508912315448,0.7731077567584789,0.048120582973517484,-0.3837541543529788,-0.01841386112671799,0
121,1.9537781213808556,0.882248141550006,-0.04723540489128486,1.1724790474804492,-1.6275584804781313,0
122,0.11564567263867952,0.6138269170852454,-0.7869029271182069,-1.3180826007281345,0.14880761304567722,0
123,1.180149988871709,-0.1513680301463209,0.35420570793456396,-0.23481131391900975,-0.06448533417965868,0
124,0.19501370780691538,-1.0805369606346322,0.7533986551745142,1.0323329689016045,-0.4281543671037244,0
125,1.4296764092327074,-2.1967061565750057,0.5468065957702991,0.9058681802474042,-0.4131370125442198,0
126,-0.9723599280005928,-0.703749377959738,-0.409227364922189,-0.0813203056958739,0.22340530214761373,0
127,-0.026296880972150955,0.5032563016159289,-0.32557899914860355,0.30122833478478145,-0.9144027548692181,0
128,0.8532319099192147,-0.9685976306954346,1.1834660322377772,-0.04292502588312388,-1.2550550039640822,0
129,1.3687699067331702,-0.5200743059668411,-0.25631077332262436,1.9205970530301764,-2.1532719091768686,0
130,0.784466039853301,-0.018866053552758208,0.8346687907921209,-0.9288969624676732,-0.19539060343449632,0
131,-1.358558881779904,0.3487616531521471,-0.8522208019594123,-0.6359159331831563,0.09990130988910433,0
132,-2.6699515460062817,0.806348753293227,-2.3689426881992266,-0.38928701100696467,-0.09507733889090945,0
133,-0.2914593172177732,1.3587527437260938,-0.8543818906054256,-2.1749033089071617,1.5914359408523078,0
134,1.4670603297898526,-0.367104119463022,0.6107993758389159,-0.956671188041205,-0.9865403060680621,0
135,-0.28536657190396836,0.024866197989219112,0.6958967573460154,-1.2383852772625272,0.31382198002323053,0
136,-0.0013272750305691784,-0.7511896958794595,0.9477634560247231,-1.0365942507883263,-0.02873924093179131,0
137,-3.743938651834991,-0.8277170607393078,0.7910178650995154,-0.15472178603757192,0.24802846450517518,0
138,-4.9356945043359595,-0.6310177625129352,0.3762358821792694,0.22980569228328704,0.011469319500771031,0
139,1.1524985499709555,-0.5020529358342274,0.43682538616999506,-1.0028428285418198,-0.5249720938025058,0
140,-0.20188541887421738,0.06446183927730857,-1.0274011689120794,-0.007474295137508478,0.18829399059297547,0
141,-0.9999645395273606,0.6990610580657424,-2.318262749345032,0.16984873395666453,0.974942424966602,0
142,-0.027346219885535344,1.2566084796292538,-2.7890486765513747,-1.0646815045103548,1.6041463195001369,0
143,0.3441280657033123,1.1860167078532282,-1.9493149075621434,-1.5162831670325336,1.6593100987672624,0
144,-0.5929100387550916,-0.13827228768921235,-0.5340678522520497,-0.24684302662169838,-0.7853052398728049,0
145,-2.1049564260260913,-2.1737024734246453,-0.44729091809484034,2.3729014112967044,-1.153032761031702,0
146,0.7153180882378373,0.8579652734355993,-1.1673270820351087,-1.0293771404094743,1.5439430591766183,0
147,1.673057755640169,1.495656134011043,-1.457227929257571,-1.94665544085332,2.0243930865269557,0
148,-0.881898707095126,-1.606594650959499,-0.31286959347960674,-0.19077680807718025,0.49679084510910115,0
149,2.274048985770779,-0.7518409543101425,-0.4434166288535719,0.3738069065421278,-1.0228437361416907,0
150,-2.1094400684707764,-2.5833873334130697,-0.08472443356698191,1.2280230992284038,0.09416166276624058,0
151,-0.8399288805880567,0.27917773121727635,1.146520393770922,-0.9758399119107839,-0.4067430808604901,0
152,-0.6731125888712123,-0.32415077272288567,1.0882856558190035,-0.3651396895851575,-0.19564100036002158,0
153,-1.062098034831973,0.3215720874566578,1.6127304999880887,-0.2721663928329571,-0.06741905899320186,0
154,-1.1704579042283996,-0.7079519832132889,-0.06056546627885559,-0.5142232745946889,0.2595489444642022,0
155,-0.8030459162122959,-0.414042406783065,0.7648769923669787,-0.02483319689157138,0.007203324023350897,0
156,-1.288057162291809,0.4926535589955933,-1.503748677674628,-0.9192378260043648,0.8793711582712022,0
157,-7.775968262852398,5.408394234781161,1.200600820577741,9.03042948969538,3.648868676893758,0
158,1.394626522777694,1.1824762119973116,0.5510383248259575,-0.2120533433592318,1.1849359255300962,0
159,1.287754039508682,-1.2556425349692322,-1.73425186796982,0.8776212276711818,-0.9693883211537727,0
160,0.34584229761356844,0.8115659395772361,-0.9441506563635592,-0.8882387469703036,-0.13227998808106328,0
161,-0.5911060875532538,0.0705897335310413,-1.4205689991240744,-0.8674629501769255,1.1255643927316805,0
162,-1.9729359763247283,0.6064448511222866,-0.794345379594956,0.9109160378698083,-0.31821610346897555,0
163,-6.230467816814446,-1.2173562996968421,-0.3142845905987446,3.822854349299161,1.6288018178523858,0
164,-2.182558130474787,-0.4362665045831645,0.1001201511632161,-0.43623770302662407,-0.35725430237749106,0
165,0.8177250242734112,-0.460570178978526,0.6512809016929417,-0.7246491256104146,-0.25143387890305857,0
166,-1.3404145366694415,-0.11260749146921988,-2.152293062529982,-0.8694045981759321,0.08575613184086112,0
167,2.0166974901733203,0.5953749098636001,-2.038958755385275,-3.12933437140693,2.010580510501979,0
168,0.17333138265377976,0.5120398702032218,1.8195849401400446,-0.5002310273204795,0.29313820235117305,0
169,0.6022759003949023,-3.4314246262279364,-3.6259638544432597,3.6188989640742424,-1.4019594901324928,0
170,-0.27228096136433017,2.112980245984385,0.4041203344643587,-0.17505267677093703,0.43942575517316557,0
171,8.0876765094644,3.4589847510230562,-0.6190748967131546,3.344456631911961,3.8428195983640134,0
172,-0.17038603182544676,2.214204847812553,-1.7678387176911567,-1.2105407621180615,1.0053543876797404,0
173,-1.5139953591782944,1.3791999128458532,-1.065977413780391,-0.331680777294351,1.3903657411696848,0
174,2.711678691375718,1.4258874762179137,0.5966051824103746,-0.7465748445502708,0.5448635858771272,0
175,-2.8287063248637074,-0.5492685796723863,0.2435313465146301,1.2946410017661705,1.4946969672254715,0
176,-0.7557905312557108,-0.3782205293566456,0.4288956062882246,-1.0366704870031864,0.8208763774044922,0
177,1.6480757929425212,-0.6208790413621655,-0.5650347368846921,-1.6416600783620878,1.0209982079942768,0
178,0.9206483385991276,-0.36699127220083283,-0.22311724186594353,-0.5667169284021227,-0.22634240041007644,0
179,2.1694238069577176,0.455416719058371,1.051148177235499,-1.927663256998299,0.07087964926765988,0
180,-0.0462449214897659,1.897245224935787,-2.595484365619967,-1.178968144396723,-1.925467216147966,0
181,0.10393889173180479,-2.335514592536089,-0.5677535703830755,-0.5164059069226342,1.010060403653591,0
182,-0.22679144756250275,-1.1744230323156433,0.34485759465106014,0.8478421659684418,0.23275174804515364,0
183,0.06828030748401752,-0.6721834318316883,0.2588548475380499,-0.996358116675681,-0.923162973561775,0
184,2.4745604235510905,-0.21133609551611984,1.4792386747040924,-1.1839402231116987,-0.3546659790414365,0
185,-0.47739749874454657,0.37483620124619715,0.8779339353095076,-0.9626349473655583,0.6596637462810622,0
186,1.2129827527712356,1.9069737070377202,0.4224925219582587,-1.1901067847445055,0.9577615179935235,0
187,-0.4870715101297924,-0.22185996433538635,0.7308055290053174,-0.7917623034562354,-0.24623935797845198,0
188,3.32979045517665,-0.6313158972791186,0.5379021247861016,-0.3527444227806681,-0.6709021225535421,0
189,0.8672808260970705,0.42488505397110216,-0.9730044793616179,-0.504012475436823,-0.2526407222428065,0
190,3.7310272840193295,2.07226829188437,1.6062207477799109,-1.8063696430885625,0.7928733779944346,0
191,1.7729422433778084,0.05802133003706857,-0.3349829791250722,0.49339701104116657,-1.8128713287818998,0
192,0.030435557651653303,-0.0608161454292065,0.6248231147444313,-1.464993708517065,-0.3317968122981509,0
193,-2.075222646229405,0.5260348861849837,-1.7079482157661865,1.3149780176975585,1.331011901968502,0
194,-1.9769782687851805,0.27016003110702935,-0.5015853999797553,-0.04416014789916452,1.0266641056595207,0
195,-0.9369842053723487,0.413615071978822,-0.7309095856986944,-0.9287934685225698,-0.3163538554771135,0
196,-0.8755713162731018,-0.9752982641435085,0.47620495151511644,0.9121901970848665,-0.6970426265064908,0
197,-3.406066198489521,3.3014711737031366,-4.206425854860283,1.2387073819204018,0.4337408197955054,0
198,0.38917949665958007,1.2543404383685626,0.7124411767311686,-1.680187986177482,1.0440385187305465,0
199,-0.03620989233250398,0.6995523603350414,-0.6119180983835082,-0.29824313813004755,-0.13636368076580016,0
200,0.12031448774608589,0.3865010919842834,0.26810048580599316,-0.06564247513500152,-0.6263170182006209,0
201,0.9937519989247787,0.21280208220726968,0.7722745514908802,-0.6067274216028608,-0.9562840897250033,0
202,-2.1000928918238806,-0.8543386731193623,-2.4394370694121053,0.9294560813985477,-0.26640354529461835,0
203,0.17500260646862176,-0.14010896441283383,-0.7303285852683138,0.15047697219829523,-0.5165482883603806,0
204,1.9146914627940592,0.42713305404347685,0.46102924441685605,-0.4192075925333198,-1.336312305482362,0
205,0.9781076290888997,0.5091289877891968,0.2407612672574918,-0.2957887971960785,-0.6341025369613029,0
206,2.0412000902058134,1.6917404957465165,1.6135874032150588,-0.9699660114434419,1.3309886381894593,0
207,1.419933376732221,0.21670056154666395,1.8945170624592982,0.13588310208826795,-0.9444621184101621,0
208,-2.0111182317690415,0.12585816914784817,0.6364108775250691,-0.6900858768866502,-0.8662687641931794,0
209,-0.7116410038530369,0.26930805458375756,1.6070472577793453,-0.01984900397664124,1.5632718637143803,0
210,1.2626571260871369,-1.0728193817103775,-3.785428527521845,6.722838863305083,-5.37677824736257,0
211,0.15695750851883392,-0.21597610365269343,0.4918079218263408,0.5316690541645865,-0.6582828701921244,0
212,-0.04427359918995278,-0.06882021638898765,0.9784914700245755,-0.8518542972981733,0.6951665842518931,0
213,-0.6103083823294734,-1.096466138910991,3.1583642665484,2.18272288046457,1.4239726971158035,0
214,0.6762916579389338,0.4705022112318262,0.6102532318786532,-0.30226334356721013,0.23283949983612529,0
215,-0.8097253219500457,0.24216017857345307,0.11919259070992488,-0.4868391689705642,-0.11579569942669284,0
216,-0.337581975155741,-0.9277896802143601,1.3532535337300724,0.39705481935916026,0.23004444132370044,0
217,-1.2353078062293055,-0.5956423213605755,1.5764778817649685,0.34599352766113134,1.6302440975933354,0
218,1.8041184801716776,1.7153032204119385,0.8744629508093127,-0.2049096343785314,0.2834456952214386,0
219,0.6571308023229028,0.3163803565901104,0.6683387031008455,1.3099060019142683,-1.5681602095540448,0
220,-0.13371162466155964,0.8288252392062043,1.546237599826252,-0.7385964750365139,-0.17532056811251326,0
221,1.1450033184985475,1.2277841768401199,1.4131956435629802,-1.0692599338661026,-0.17205096584847945,0
222,2.1190198100176416,-0.2288975128166321,1.6619334830952985,-0.5426589645362444,-0.16351162288508594,0
223,-2.1439275855121456,-0.7250228069577168,-0.7126228080926108,-0.16854266677316315,-0.6328179289016711,0
224,-2.2530674461946867,0.48591636350228046,-1.1193215355315849,0.20792731066131262,1.7830953341934026,0
225,0.25863896429027555,0.7252636684932154,0.9649759915654041,-1.3407922182811243,0.17906589375902507,0
226,0.8534672256366559,0.5761954356699294,0.5998707482929169,-1.0690063553567615,-0.4968497023858659,0
227,0.7183025724962442,-0.40675443519331017,2.0373319676473467,0.4268879726608775,1.2282333107841281,0
228,-0.33564455346632177,0.24041201483977373,0.5645432795935246,-0.4357937169145121,-0.8361077191585866,0
229,2.035794677635122,0.3581441318768588,1.349162168717346,-0.17462283628950911,-1.036100936145463,0
230,1.3934913597451286,-2.129343745677162,1.4545858707479231,-0.13681666050231386,-2.1163402570433396,0
231,0.19410367167277995,-0.21025243986706865,0.10809161926594446,-0.8253166952635157,0.3183304264163112,0
232,-0.39680078605340646,-0.12079888543119228,-1.3817327083621798,0.662964953016244,-0.9646456981110412,0
233,3.0665505572147396,-0.9431311442434352,0.9608848511598256,-2.019174572198411,-1.271916388017405,0
234,2.977320783364568,-0.8673318858946114,2.834725122994992,-0.6280549500274593,1.2438728650534563,0
235,-1.1421025499222692,-0.7943054123246114,2.401980417936236,0.6735747693670867,1.8202157439715791,0
236,-1.2030676389960202,-0.6354020254307211,0.6719895394063196,0.7835777346144032,1.4384394261192475,0
237,1.3227775341543497,0.3063083653166721,0.8567519234328684,-0.8737521674648733,0.33186534652650657,0
238,7.521417194238273,1.4194144086153224,1.7264250073857927,-1.6081859210547809,0.9280471298191189,0
239,0.2340558723906812,-0.253133990202582,0.6052072551325153,0.09729216639958328,-0.13989603743555326,0
240,0.016348508184656763,-0.2242892008681046,-1.2558021215316773,-2.670093196903417,0.1293869496063222,0
241,-0.7140551376360528,0.6446908982860844,0.8447161219207787,-0.5638192332734777,0.6623096139854976,0
242,1.2915463517397938,-1.2012277624896932,0.2171873272277363,-0.3037259857940633,0.7306456299120387,0
243,-2.0026927495734266,-0.980913220443835,-0.45593721636736273,-0.2781698694507869,1.1101170339715682,0
244,-2.865084078429586,-0.7060342538284776,-0.39499388690448806,-0.3106369058124409,0.6148169877431982,0
245,0.15516373880025847,-0.3902767321325001,-0.30550634833788365,0.31955134230682264,0.2942476975203365,0
246,-2.672459539521763,0.21948826700552806,-2.8354320866783285,2.610572459149794,-1.2121473142991896,0
247,-1.6332107915334388,-1.8971228147981738,0.10605090545823437,1.64559828600613,0.15514913869429559,0
248,-0.9865523680017623,-1.7625491925223673,1.1064053044408821,-0.09512850414699159,-0.22508486125033772,0
